Year,Round,Winner,Loser,Winner_Code,Loser_Code,Tm_Win,BPM_Contribution_Win,MP_Win,Winner_Bench_BPM,Tm_Lose,BPM_Contribution_Lose,MP_Lose,Loser_Bench_BPM,Efficiency_Diff
2024.0,Eastern Conf First Round,Boston Celtics,Miami Heat,BOS,MIA,BOS,-283.1,973,-0.2909558067831449,MIA,-984.3,397,-2.479345088161209,2.188389281378064
2024.0,Eastern Conf First Round,Cleveland Cavaliers,Orlando Magic,CLE,ORL,CLE,-2090.7000000000003,821,-2.54652862362972,ORL,-284.0,584,-0.4863013698630137,-2.0602272537667066
2024.0,Eastern Conf First Round,Indiana Pacers,Milwaukee Bucks,IND,MIL,IND,-386.2,1343,-0.2875651526433358,MIL,-1108.8999999999999,482,-2.300622406639004,2.013057253995668
2024.0,Eastern Conf First Round,New York Knicks,Philadelphia 76ers,NYK,PHI,NYK,-350.09999999999997,902,-0.38813747228381373,PHI,-318.9,332,-0.9605421686746988,0.5724046963908851
2024.0,Western Conf First Round,Oklahoma City Thunder,New Orleans Pelicans,OKC,NOP,OKC,670.0000000000001,749,0.8945260347129508,NOP,-288.7,270,-1.0692592592592591,1.9637852939722098
2024.0,Western Conf First Round,Dallas Mavericks,Los Angeles Clippers,DAL,LAC,DAL,1275.1,1626,0.7841943419434194,LAC,-1049.0,395,-2.6556962025316455,3.439890544475065
2024.0,Western Conf First Round,Minnesota Timberwolves,Phoenix Suns,MIN,PHO,MIN,-92.70000000000007,1147,-0.08081952920662605,PHO,-741.9,222,-3.341891891891892,3.261072362685266
2024.0,Western Conf First Round,Denver Nuggets,Los Angeles Lakers,DEN,LAL,DEN,-2774.5,629,-4.410969793322734,LAL,-1143.9,277,-4.129602888086643,-0.28136690523609165
2024.0,Eastern Conf Semifinals,Indiana Pacers,New York Knicks,IND,NYK,IND,-386.2,1343,-0.2875651526433358,NYK,-350.09999999999997,902,-0.38813747228381373,0.10057231964047791
2024.0,Western Conf Semifinals,Dallas Mavericks,Oklahoma City Thunder,DAL,OKC,DAL,1275.1,1626,0.7841943419434194,OKC,670.0000000000001,749,0.8945260347129508,-0.11033169276953136
2024.0,Western Conf Semifinals,Minnesota Timberwolves,Denver Nuggets,MIN,DEN,MIN,-92.70000000000007,1147,-0.08081952920662605,DEN,-2774.5,629,-4.410969793322734,4.330150264116108
2024.0,Eastern Conf Semifinals,Boston Celtics,Cleveland Cavaliers,BOS,CLE,BOS,-283.1,973,-0.2909558067831449,CLE,-2090.7000000000003,821,-2.54652862362972,2.255572816846575
2024.0,Eastern Conf Finals,Boston Celtics,Indiana Pacers,BOS,IND,BOS,-283.1,973,-0.2909558067831449,IND,-386.2,1343,-0.2875651526433358,-0.0033906541398091017
2024.0,Western Conf Finals,Dallas Mavericks,Minnesota Timberwolves,DAL,MIN,DAL,1275.1,1626,0.7841943419434194,MIN,-92.70000000000007,1147,-0.08081952920662605,0.8650138711500455
2024.0,Finals,Boston Celtics,Dallas Mavericks,BOS,DAL,BOS,-283.1,973,-0.2909558067831449,DAL,1275.1,1626,0.7841943419434194,-1.0751501487265642
2023.0,Eastern Conf First Round,Miami Heat,Milwaukee Bucks,MIA,MIL,MIA,2483.1,2123,1.1696184644371173,MIL,-157.2000000000001,437,-0.35972540045766616,1.5293438648947835
2023.0,Eastern Conf First Round,New York Knicks,Cleveland Cavaliers,NYK,CLE,NYK,-142.30000000000007,951,-0.14963196635120932,CLE,-484.5999999999999,258,-1.8782945736434105,1.7286626072922011
2023.0,Eastern Conf First Round,Philadelphia 76ers,Brooklyn Nets,PHI,BRK,PHI,-851.4999999999999,793,-1.0737704918032784,BRK,-1529.1999999999998,275,-5.560727272727272,4.486956780923993
2023.0,Eastern Conf First Round,Boston Celtics,Atlanta Hawks,BOS,ATL,BOS,1071.7999999999997,1386,0.7733044733044732,ATL,468.20000000000005,481,0.9733887733887735,-0.20008430008430034
2023.0,Western Conf First Round,Denver Nuggets,Minnesota Timberwolves,DEN,MIN,DEN,-1366.7999999999997,1200,-1.1389999999999998,MIN,-1334.8999999999999,339,-3.9377581120943947,2.798758112094395
2023.0,Western Conf First Round,Phoenix Suns,Los Angeles Clippers,PHO,LAC,PHO,-1919.2999999999997,818,-2.346332518337408,LAC,171.00000000000003,321,0.5327102803738318,-2.87904279871124
2023.0,Western Conf First Round,Golden State Warriors,Sacramento Kings,GSW,SAC,GSW,-332.0,1024,-0.32421875,SAC,381.5,594,0.6422558922558923,-0.9664746422558923
2023.0,Western Conf First Round,Los Angeles Lakers,Memphis Grizzlies,LAL,MEM,LAL,-1418.4999999999998,1339,-1.0593726661687826,MEM,321.20000000000005,477,0.6733752620545075,-1.73274792822329
2023.0,Eastern Conf Semifinals,Miami Heat,New York Knicks,MIA,NYK,MIA,2483.1,2123,1.1696184644371173,NYK,-142.30000000000007,951,-0.14963196635120932,1.3192504307883266
2023.0,Eastern Conf Semifinals,Boston Celtics,Philadelphia 76ers,BOS,PHI,BOS,1071.7999999999997,1386,0.7733044733044732,PHI,-851.4999999999999,793,-1.0737704918032784,1.8470749651077516
2023.0,Western Conf Semifinals,Denver Nuggets,Phoenix Suns,DEN,PHO,DEN,-1366.7999999999997,1200,-1.1389999999999998,PHO,-1919.2999999999997,818,-2.346332518337408,1.2073325183374082
2023.0,Western Conf Semifinals,Los Angeles Lakers,Golden State Warriors,LAL,GSW,LAL,-1418.4999999999998,1339,-1.0593726661687826,GSW,-332.0,1024,-0.32421875,-0.7351539161687826
2023.0,Western Conf Finals,Denver Nuggets,Los Angeles Lakers,DEN,LAL,DEN,-1366.7999999999997,1200,-1.1389999999999998,LAL,-1418.4999999999998,1339,-1.0593726661687826,-0.07962733383121723
2023.0,Eastern Conf Finals,Miami Heat,Boston Celtics,MIA,BOS,MIA,2483.1,2123,1.1696184644371173,BOS,1071.7999999999997,1386,0.7733044733044732,0.3963139911326441
2023.0,Finals,Denver Nuggets,Miami Heat,DEN,MIA,DEN,-1366.7999999999997,1200,-1.1389999999999998,MIA,2483.1,2123,1.1696184644371173,-2.3086184644371173
2022.0,Eastern Conf First Round,Milwaukee Bucks,Chicago Bulls,MIL,CHI,MIL,-902.5,1221,-0.7391482391482391,CHI,-2039.0,398,-5.123115577889447,4.383967338741208
2022.0,Western Conf First Round,Memphis Grizzlies,Minnesota Timberwolves,MEM,MIN,MEM,1991.0,1195,1.6661087866108786,MIN,594.8,472,1.2601694915254236,0.405939295085455
2022.0,Eastern Conf First Round,Boston Celtics,Brooklyn Nets,BOS,BRK,BOS,65.79999999999995,1889,0.034833245103229195,BRK,843.5999999999999,281,3.0021352313167258,-2.9673019862134966
2022.0,Western Conf First Round,Golden State Warriors,Denver Nuggets,GSW,DEN,GSW,2883.6,1807,1.5957941339236303,DEN,-629.9999999999998,428,-1.4719626168224293,3.0677567507460597
2022.0,Western Conf First Round,Dallas Mavericks,Utah Jazz,DAL,UTA,DAL,1146.2000000000003,1495,0.7666889632107026,UTA,692.3,437,1.5842105263157893,-0.8175215631050867
2022.0,Eastern Conf First Round,Philadelphia 76ers,Toronto Raptors,PHI,TOR,PHI,615.1999999999999,740,0.8313513513513513,TOR,-596.9000000000001,454,-1.3147577092511016,2.146109060602453
2022.0,Western Conf First Round,Phoenix Suns,New Orleans Pelicans,PHO,NOP,PHO,-153.1999999999999,1026,-0.1493177387914229,NOP,466.5,487,0.9579055441478439,-1.1072232829392668
2022.0,Eastern Conf First Round,Miami Heat,Atlanta Hawks,MIA,ATL,MIA,-1313.9,1750,-0.7508,ATL,911.7,411,2.218248175182482,-2.9690481751824818
2022.0,Eastern Conf Semifinals,Boston Celtics,Milwaukee Bucks,BOS,MIL,BOS,65.79999999999995,1889,0.034833245103229195,MIL,-902.5,1221,-0.7391482391482391,0.7739814842514683
2022.0,Eastern Conf Semifinals,Miami Heat,Philadelphia 76ers,MIA,PHI,MIA,-1313.9,1750,-0.7508,PHI,615.1999999999999,740,0.8313513513513513,-1.5821513513513512
2022.0,Western Conf Semifinals,Dallas Mavericks,Phoenix Suns,DAL,PHO,DAL,1146.2000000000003,1495,0.7666889632107026,PHO,-153.1999999999999,1026,-0.1493177387914229,0.9160067020021254
2022.0,Western Conf Semifinals,Golden State Warriors,Memphis Grizzlies,GSW,MEM,GSW,2883.6,1807,1.5957941339236303,MEM,1991.0,1195,1.6661087866108786,-0.07031465268724824
2022.0,Western Conf Finals,Golden State Warriors,Dallas Mavericks,GSW,DAL,GSW,2883.6,1807,1.5957941339236303,DAL,1146.2000000000003,1495,0.7666889632107026,0.8291051707129278
2022.0,Eastern Conf Finals,Boston Celtics,Miami Heat,BOS,MIA,BOS,65.79999999999995,1889,0.034833245103229195,MIA,-1313.9,1750,-0.7508,0.7856332451032292
2022.0,Finals,Golden State Warriors,Boston Celtics,GSW,BOS,GSW,2883.6,1807,1.5957941339236303,BOS,65.79999999999995,1889,0.034833245103229195,1.5609608888204012
2021.0,Eastern Conf First Round,Milwaukee Bucks,Miami Heat,MIL,MIA,MIL,-755.4999999999999,1520,-0.4970394736842105,MIA,-316.8,289,-1.0961937716262977,0.5991542979420872
2021.0,Western Conf First Round,Los Angeles Clippers,Dallas Mavericks,LAC,DAL,LAC,-103.49999999999993,1571,-0.06588160407383828,DAL,-490.6,363,-1.3515151515151516,1.2856335474413132
2021.0,Eastern Conf First Round,Brooklyn Nets,Boston Celtics,BRK,BOS,BRK,-1323.1,1022,-1.2946183953033268,BOS,-330.9,333,-0.9936936936936936,-0.30092470160963314
2021.0,Western Conf First Round,Denver Nuggets,Portland Trail Blazers,DEN,POR,DEN,1123.2,899,1.2493882091212458,POR,-734.3000000000001,384,-1.9122395833333334,3.1616277924545795
2021.0,Eastern Conf First Round,Philadelphia 76ers,Washington Wizards,PHI,WAS,PHI,-1532.3,1104,-1.3879528985507246,WAS,-718.2000000000002,384,-1.8703125000000005,0.4823596014492759
2021.0,Western Conf First Round,Utah Jazz,Memphis Grizzlies,UTA,MEM,UTA,-2302.8999999999996,643,-3.5814930015552093,MEM,-882.5,378,-2.3346560846560847,-1.2468369168991247
2021.0,Eastern Conf First Round,Atlanta Hawks,New York Knicks,ATL,NYK,ATL,-191.20000000000005,1264,-0.15126582278481016,NYK,116.19999999999999,370,0.314054054054054,-0.46531987683886417
2021.0,Western Conf First Round,Phoenix Suns,Los Angeles Lakers,PHO,LAL,PHO,2151.9,1473,1.4608961303462322,LAL,-1456.2000000000003,625,-2.3299200000000004,3.790816130346233
2021.0,Eastern Conf Semifinals,Milwaukee Bucks,Brooklyn Nets,MIL,BRK,MIL,-755.4999999999999,1520,-0.4970394736842105,BRK,-1323.1,1022,-1.2946183953033268,0.7975789216191163
2021.0,Eastern Conf Semifinals,Atlanta Hawks,Philadelphia 76ers,ATL,PHI,ATL,-191.20000000000005,1264,-0.15126582278481016,PHI,-1532.3,1104,-1.3879528985507246,1.2366870757659143
2021.0,Western Conf Semifinals,Phoenix Suns,Denver Nuggets,PHO,DEN,PHO,2151.9,1473,1.4608961303462322,DEN,1123.2,899,1.2493882091212458,0.2115079212249864
2021.0,Western Conf Semifinals,Los Angeles Clippers,Utah Jazz,LAC,UTA,LAC,-103.49999999999993,1571,-0.06588160407383828,UTA,-2302.8999999999996,643,-3.5814930015552093,3.515611397481371
2021.0,Western Conf Finals,Phoenix Suns,Los Angeles Clippers,PHO,LAC,PHO,2151.9,1473,1.4608961303462322,LAC,-103.49999999999993,1571,-0.06588160407383828,1.5267777344200706
2021.0,Eastern Conf Finals,Milwaukee Bucks,Atlanta Hawks,MIL,ATL,MIL,-755.4999999999999,1520,-0.4970394736842105,ATL,-191.20000000000005,1264,-0.15126582278481016,-0.3457736508994003
2021.0,Finals,Milwaukee Bucks,Phoenix Suns,MIL,PHO,MIL,-755.4999999999999,1520,-0.4970394736842105,PHO,2151.9,1473,1.4608961303462322,-1.9579356040304428
2020.0,Eastern Conf First Round,Milwaukee Bucks,Orlando Magic,MIL,ORL,MIL,-169.5,952,-0.17804621848739496,ORL,-139.8,436,-0.3206422018348624,0.14259598334746745
2020.0,Eastern Conf First Round,Toronto Raptors,Brooklyn Nets,TOR,BRK,TOR,2158.7000000000003,808,2.6716584158415846,BRK,-844.1,254,-3.323228346456693,5.994886762298277
2020.0,Eastern Conf First Round,Boston Celtics,Philadelphia 76ers,BOS,PHI,BOS,483.59999999999997,1035,0.46724637681159414,PHI,-1237.2,269,-4.599256505576208,5.066502882387802
2020.0,Eastern Conf First Round,Miami Heat,Indiana Pacers,MIA,IND,MIA,0.6999999999999318,1752,0.00039954337899539483,IND,-1358.3,173,-7.851445086705202,7.851844630084198
2020.0,Western Conf First Round,Los Angeles Lakers,Portland Trail Blazers,LAL,POR,LAL,-2994.2000000000003,2241,-1.3360999553770638,POR,-889.5,365,-2.436986301369863,1.100886345992799
2020.0,Western Conf First Round,Los Angeles Clippers,Dallas Mavericks,LAC,DAL,LAC,269.4,1281,0.21030444964871192,DAL,-622.0,402,-1.5472636815920398,1.7575681312407516
2020.0,Western Conf First Round,Denver Nuggets,Utah Jazz,DEN,UTA,DEN,-1029.5,1645,-0.6258358662613982,UTA,-1269.3,522,-2.4316091954022987,1.8057733291409006
2020.0,Western Conf First Round,Houston Rockets,Oklahoma City Thunder,HOU,OKC,HOU,-933.6999999999999,994,-0.9393360160965795,OKC,-171.6,567,-0.30264550264550266,-0.6366905134510767
2020.0,Eastern Conf Semifinals,Boston Celtics,Toronto Raptors,BOS,TOR,BOS,483.59999999999997,1035,0.46724637681159414,TOR,2158.7000000000003,808,2.6716584158415846,-2.2044120390299904
2020.0,Eastern Conf Semifinals,Miami Heat,Milwaukee Bucks,MIA,MIL,MIA,0.6999999999999318,1752,0.00039954337899539483,MIL,-169.5,952,-0.17804621848739496,0.17844576186639036
2020.0,Western Conf Semifinals,Denver Nuggets,Los Angeles Clippers,DEN,LAC,DEN,-1029.5,1645,-0.6258358662613982,LAC,269.4,1281,0.21030444964871192,-0.8361403159101102
2020.0,Western Conf Semifinals,Los Angeles Lakers,Houston Rockets,LAL,HOU,LAL,-2994.2000000000003,2241,-1.3360999553770638,HOU,-933.6999999999999,994,-0.9393360160965795,-0.39676393928048437
2020.0,Eastern Conf Finals,Miami Heat,Boston Celtics,MIA,BOS,MIA,0.6999999999999318,1752,0.00039954337899539483,BOS,483.59999999999997,1035,0.46724637681159414,-0.46684683343259875
2020.0,Western Conf Finals,Los Angeles Lakers,Denver Nuggets,LAL,DEN,LAL,-2994.2000000000003,2241,-1.3360999553770638,DEN,-1029.5,1645,-0.6258358662613982,-0.7102640891156656
2020.0,Finals,Los Angeles Lakers,Miami Heat,LAL,MIA,LAL,-2994.2000000000003,2241,-1.3360999553770638,MIA,0.6999999999999318,1752,0.00039954337899539483,-1.3364994987560592
2019.0,Eastern Conf First Round,Milwaukee Bucks,Detroit Pistons,MIL,DET,MIL,4153.099999999999,1462,2.840697674418604,DET,-1218.4,279,-4.367025089605735,7.207722764024339
2019.0,Eastern Conf First Round,Toronto Raptors,Orlando Magic,TOR,ORL,TOR,-892.4,1659,-0.5379144062688367,ORL,61.10000000000001,437,0.13981693363844397,-0.6777313399072806
2019.0,Eastern Conf First Round,Philadelphia 76ers,Brooklyn Nets,PHI,BRK,PHI,-1916.4,887,-2.1605411499436302,BRK,970.1999999999998,522,1.858620689655172,-4.0191618395988025
2019.0,Eastern Conf First Round,Boston Celtics,Indiana Pacers,BOS,IND,BOS,587.6000000000001,835,0.7037125748502996,IND,401.30000000000007,321,1.2501557632398757,-0.5464431883895761
2019.0,Western Conf First Round,Golden State Warriors,Los Angeles Clippers,GSW,LAC,GSW,-2491.2000000000003,1614,-1.5434944237918218,LAC,472.8,518,0.9127413127413128,-2.4562357365331344
2019.0,Western Conf First Round,Denver Nuggets,San Antonio Spurs,DEN,SAS,DEN,-2705.1,1079,-2.507043558850788,SAS,-797.0999999999999,606,-1.3153465346534652,-1.1916970241973226
2019.0,Western Conf First Round,Portland Trail Blazers,Oklahoma City Thunder,POR,OKC,POR,-811.3,1432,-0.5665502793296089,OKC,-388.9,336,-1.1574404761904762,0.5908901968608673
2019.0,Western Conf First Round,Houston Rockets,Utah Jazz,HOU,UTA,HOU,-875.3,677,-1.2929098966026586,UTA,-341.79999999999995,407,-0.8398034398034397,-0.4531064567992189
2019.0,Eastern Conf Semifinals,Milwaukee Bucks,Boston Celtics,MIL,BOS,MIL,4153.099999999999,1462,2.840697674418604,BOS,587.6000000000001,835,0.7037125748502996,2.1369850995683044
2019.0,Eastern Conf Semifinals,Toronto Raptors,Philadelphia 76ers,TOR,PHI,TOR,-892.4,1659,-0.5379144062688367,PHI,-1916.4,887,-2.1605411499436302,1.6226267436747936
2019.0,Western Conf Semifinals,Golden State Warriors,Houston Rockets,GSW,HOU,GSW,-2491.2000000000003,1614,-1.5434944237918218,HOU,-875.3,677,-1.2929098966026586,-0.25058452718916313
2019.0,Western Conf Semifinals,Portland Trail Blazers,Denver Nuggets,POR,DEN,POR,-811.3,1432,-0.5665502793296089,DEN,-2705.1,1079,-2.507043558850788,1.940493279521179
2019.0,Eastern Conf Finals,Toronto Raptors,Milwaukee Bucks,TOR,MIL,TOR,-892.4,1659,-0.5379144062688367,MIL,4153.099999999999,1462,2.840697674418604,-3.3786120806874407
2019.0,Western Conf Finals,Golden State Warriors,Portland Trail Blazers,GSW,POR,GSW,-2491.2000000000003,1614,-1.5434944237918218,POR,-811.3,1432,-0.5665502793296089,-0.9769441444622129
2019.0,Finals,Toronto Raptors,Golden State Warriors,TOR,GSW,TOR,-892.4,1659,-0.5379144062688367,GSW,-2491.2000000000003,1614,-1.5434944237918218,1.005580017522985
2018.0,Eastern Conf First Round,Toronto Raptors,Washington Wizards,TOR,WAS,TOR,-301.1999999999998,968,-0.31115702479338825,WAS,-540.0,490,-1.1020408163265305,0.7908837915331423
2018.0,Eastern Conf First Round,Boston Celtics,Milwaukee Bucks,BOS,MIL,BOS,-5125.1,1581,-3.2416824794433903,MIL,-1119.1999999999998,666,-1.6804804804804803,-1.56120199896291
2018.0,Eastern Conf First Round,Philadelphia 76ers,Miami Heat,PHI,MIA,PHI,170.70000000000005,826,0.20665859564164654,MIA,-533.1999999999999,595,-0.8961344537815125,1.102793049423159
2018.0,Eastern Conf First Round,Cleveland Cavaliers,Indiana Pacers,CLE,IND,CLE,-3669.6,1565,-2.3447923322683706,IND,212.00000000000006,535,0.39626168224299074,-2.741054014511361
2018.0,Western Conf First Round,Houston Rockets,Minnesota Timberwolves,HOU,MIN,HOU,-2438.4,1271,-1.9184893784421715,MIN,641.1,420,1.5264285714285715,-3.444917949870743
2018.0,Western Conf First Round,Golden State Warriors,San Antonio Spurs,GSW,SAS,GSW,-1008.5,1530,-0.6591503267973856,SAS,-277.6,500,-0.5552,-0.10395032679738558
2018.0,Western Conf First Round,New Orleans Pelicans,Portland Trail Blazers,NOP,POR,NOP,-1476.8,547,-2.69981718464351,POR,-593.6,278,-2.135251798561151,-0.564565386082359
2018.0,Western Conf First Round,Utah Jazz,Oklahoma City Thunder,UTA,OKC,UTA,-499.10000000000014,996,-0.5011044176706829,OKC,-187.6,408,-0.4598039215686274,-0.041300496102055495
2018.0,Western Conf Semifinals,Golden State Warriors,New Orleans Pelicans,GSW,NOP,GSW,-1008.5,1530,-0.6591503267973856,NOP,-1476.8,547,-2.69981718464351,2.0406668578461247
2018.0,Western Conf Semifinals,Houston Rockets,Utah Jazz,HOU,UTA,HOU,-2438.4,1271,-1.9184893784421715,UTA,-499.10000000000014,996,-0.5011044176706829,-1.4173849607714886
2018.0,Eastern Conf Semifinals,Boston Celtics,Philadelphia 76ers,BOS,PHI,BOS,-5125.1,1581,-3.2416824794433903,PHI,170.70000000000005,826,0.20665859564164654,-3.448341075085037
2018.0,Eastern Conf Semifinals,Cleveland Cavaliers,Toronto Raptors,CLE,TOR,CLE,-3669.6,1565,-2.3447923322683706,TOR,-301.1999999999998,968,-0.31115702479338825,-2.0336353074749822
2018.0,Eastern Conf Finals,Cleveland Cavaliers,Boston Celtics,CLE,BOS,CLE,-3669.6,1565,-2.3447923322683706,BOS,-5125.1,1581,-3.2416824794433903,0.8968901471750197
2018.0,Western Conf Finals,Golden State Warriors,Houston Rockets,GSW,HOU,GSW,-1008.5,1530,-0.6591503267973856,HOU,-2438.4,1271,-1.9184893784421715,1.259339051644786
2018.0,Finals,Golden State Warriors,Cleveland Cavaliers,GSW,CLE,GSW,-1008.5,1530,-0.6591503267973856,CLE,-3669.6,1565,-2.3447923322683706,1.685642005470985
2017.0,Eastern Conf First Round,Boston Celtics,Chicago Bulls,BOS,CHI,BOS,-439.29999999999995,1639,-0.2680292861500915,CHI,-1856.5,525,-3.5361904761904763,3.268161190040385
2017.0,Eastern Conf First Round,Cleveland Cavaliers,Indiana Pacers,CLE,IND,CLE,-1136.3999999999999,1297,-0.8761757902852736,IND,40.19999999999996,215,0.18697674418604632,-1.06315253447132
2017.0,Eastern Conf First Round,Toronto Raptors,Milwaukee Bucks,TOR,MIL,TOR,-427.20000000000005,812,-0.5261083743842365,MIL,-825.8,482,-1.713278008298755,1.1871696339145186
2017.0,Eastern Conf First Round,Washington Wizards,Atlanta Hawks,WAS,ATL,WAS,-2693.8,924,-2.9153679653679654,ATL,-1074.0,464,-2.314655172413793,-0.6007127929541722
2017.0,Western Conf First Round,Golden State Warriors,Portland Trail Blazers,GSW,POR,GSW,1249.7,1547,0.8078215901745314,POR,-847.6999999999999,330,-2.5687878787878784,3.3766094689624095
2017.0,Western Conf First Round,San Antonio Spurs,Memphis Grizzlies,SAS,MEM,SAS,602.0000000000001,2276,0.2644991212653779,MEM,-1235.7,456,-2.7098684210526316,2.9743675423180096
2017.0,Western Conf First Round,Houston Rockets,Oklahoma City Thunder,HOU,OKC,HOU,-248.89999999999992,899,-0.27686318131256943,OKC,-989.2,364,-2.7175824175824177,2.440719236269848
2017.0,Western Conf First Round,Utah Jazz,Los Angeles Clippers,UTA,LAC,UTA,-1051.3999999999999,1167,-0.9009425878320478,LAC,137.2,537,0.2554934823091247,-1.1564360701411727
2017.0,Eastern Conf Semifinals,Cleveland Cavaliers,Toronto Raptors,CLE,TOR,CLE,-1136.3999999999999,1297,-0.8761757902852736,TOR,-427.20000000000005,812,-0.5261083743842365,-0.35006741590103707
2017.0,Eastern Conf Semifinals,Boston Celtics,Washington Wizards,BOS,WAS,BOS,-439.29999999999995,1639,-0.2680292861500915,WAS,-2693.8,924,-2.9153679653679654,2.647338679217874
2017.0,Western Conf Semifinals,Golden State Warriors,Utah Jazz,GSW,UTA,GSW,1249.7,1547,0.8078215901745314,UTA,-1051.3999999999999,1167,-0.9009425878320478,1.7087641780065792
2017.0,Western Conf Semifinals,San Antonio Spurs,Houston Rockets,SAS,HOU,SAS,602.0000000000001,2276,0.2644991212653779,HOU,-248.89999999999992,899,-0.27686318131256943,0.5413623025779473
2017.0,Western Conf Finals,Golden State Warriors,San Antonio Spurs,GSW,SAS,GSW,1249.7,1547,0.8078215901745314,SAS,602.0000000000001,2276,0.2644991212653779,0.5433224689091535
2017.0,Eastern Conf Finals,Cleveland Cavaliers,Boston Celtics,CLE,BOS,CLE,-1136.3999999999999,1297,-0.8761757902852736,BOS,-439.29999999999995,1639,-0.2680292861500915,-0.6081465041351821
2017.0,Finals,Golden State Warriors,Cleveland Cavaliers,GSW,CLE,GSW,1249.7,1547,0.8078215901745314,CLE,-1136.3999999999999,1297,-0.8761757902852736,1.683997380459805
2016.0,Eastern Conf First Round,Cleveland Cavaliers,Detroit Pistons,CLE,DET,CLE,-1716.9,1479,-1.1608519269776878,DET,-416.4,220,-1.8927272727272726,0.7318753457495848
2016.0,Eastern Conf First Round,Toronto Raptors,Indiana Pacers,TOR,IND,TOR,-190.19999999999996,1799,-0.10572540300166756,IND,-1163.3000000000002,524,-2.220038167938932,2.114312764937264
2016.0,Eastern Conf First Round,Miami Heat,Charlotte Hornets,MIA,CHO,MIA,-1157.9,1214,-0.9537891268533774,CHO,-900.5999999999999,578,-1.5581314878892731,0.6043423610358958
2016.0,Eastern Conf First Round,Atlanta Hawks,Boston Celtics,ATL,BOS,ATL,237.40000000000003,812,0.29236453201970447,BOS,-791.3000000000001,505,-1.566930693069307,1.8592952250890113
2016.0,Western Conf First Round,Golden State Warriors,Houston Rockets,GSW,HOU,GSW,1293.0,2334,0.5539845758354756,HOU,-1587.2,419,-3.7880668257756565,4.342051401611132
2016.0,Western Conf First Round,San Antonio Spurs,Memphis Grizzlies,SAS,MEM,SAS,642.6,975,0.6590769230769231,MEM,-435.8,324,-1.3450617283950617,2.004138651471985
2016.0,Western Conf First Round,Oklahoma City Thunder,Dallas Mavericks,OKC,DAL,OKC,-1433.6,1294,-1.1078825347758887,DAL,-252.30000000000007,423,-0.59645390070922,-0.5114286340666687
2016.0,Western Conf First Round,Portland Trail Blazers,Los Angeles Clippers,POR,LAC,POR,-1100.3,837,-1.3145758661887694,LAC,-1147.6,745,-1.5404026845637582,0.22582681837498875
2016.0,Eastern Conf Semifinals,Cleveland Cavaliers,Atlanta Hawks,CLE,ATL,CLE,-1716.9,1479,-1.1608519269776878,ATL,237.40000000000003,812,0.29236453201970447,-1.4532164589973924
2016.0,Eastern Conf Semifinals,Toronto Raptors,Miami Heat,TOR,MIA,TOR,-190.19999999999996,1799,-0.10572540300166756,MIA,-1157.9,1214,-0.9537891268533774,0.8480637238517098
2016.0,Western Conf Semifinals,Golden State Warriors,Portland Trail Blazers,GSW,POR,GSW,1293.0,2334,0.5539845758354756,POR,-1100.3,837,-1.3145758661887694,1.868560442024245
2016.0,Western Conf Semifinals,Oklahoma City Thunder,San Antonio Spurs,OKC,SAS,OKC,-1433.6,1294,-1.1078825347758887,SAS,642.6,975,0.6590769230769231,-1.7669594578528118
2016.0,Eastern Conf Finals,Cleveland Cavaliers,Toronto Raptors,CLE,TOR,CLE,-1716.9,1479,-1.1608519269776878,TOR,-190.19999999999996,1799,-0.10572540300166756,-1.0551265239760201
2016.0,Western Conf Finals,Golden State Warriors,Oklahoma City Thunder,GSW,OKC,GSW,1293.0,2334,0.5539845758354756,OKC,-1433.6,1294,-1.1078825347758887,1.6618671106113643
2016.0,Finals,Cleveland Cavaliers,Golden State Warriors,CLE,GSW,CLE,-1716.9,1479,-1.1608519269776878,GSW,1293.0,2334,0.5539845758354756,-1.7148365028131634
2015.0,Eastern Conf First Round,Atlanta Hawks,Brooklyn Nets,ATL,BRK,ATL,-2671.6,1190,-2.2450420168067224,BRK,298.4999999999999,383,0.7793733681462138,-3.0244153849529365
2015.0,Eastern Conf First Round,Cleveland Cavaliers,Boston Celtics,CLE,BOS,CLE,-1680.6,1509,-1.1137176938369782,BOS,554.8000000000001,443,1.252370203160271,-2.366087896997249
2015.0,Eastern Conf First Round,Chicago Bulls,Milwaukee Bucks,CHI,MIL,CHI,-2159.4,871,-2.4792192881745123,MIL,-128.69999999999996,595,-0.2163025210084033,-2.262916767166109
2015.0,Eastern Conf First Round,Washington Wizards,Toronto Raptors,WAS,TOR,WAS,-780.1999999999999,872,-0.8947247706422018,TOR,-240.29999999999998,323,-0.7439628482972136,-0.1507619223449882
2015.0,Western Conf First Round,Golden State Warriors,New Orleans Pelicans,GSW,NOP,GSW,1726.8999999999999,1624,1.0633620689655172,NOP,-126.19999999999993,341,-0.37008797653958925,1.4334500455051065
2015.0,Western Conf First Round,Houston Rockets,Dallas Mavericks,HOU,DAL,HOU,-1154.5,1327,-0.8700075357950263,DAL,202.7999999999999,538,0.37695167286245335,-1.2469592086574797
2015.0,Western Conf First Round,Los Angeles Clippers,San Antonio Spurs,LAC,SAS,LAC,-2177.3,953,-2.2846799580272825,SAS,2461.0,667,3.689655172413793,-5.974335130441076
2015.0,Western Conf First Round,Memphis Grizzlies,Portland Trail Blazers,MEM,POR,MEM,-580.4999999999999,952,-0.609768907563025,POR,819.5,365,2.245205479452055,-2.85497438701508
2015.0,Eastern Conf Semifinals,Cleveland Cavaliers,Chicago Bulls,CLE,CHI,CLE,-1680.6,1509,-1.1137176938369782,CHI,-2159.4,871,-2.4792192881745123,1.3655015943375342
2015.0,Eastern Conf Semifinals,Atlanta Hawks,Washington Wizards,ATL,WAS,ATL,-2671.6,1190,-2.2450420168067224,WAS,-780.1999999999999,872,-0.8947247706422018,-1.3503172461645208
2015.0,Western Conf Semifinals,Houston Rockets,Los Angeles Clippers,HOU,LAC,HOU,-1154.5,1327,-0.8700075357950263,LAC,-2177.3,953,-2.2846799580272825,1.4146724222322562
2015.0,Western Conf Semifinals,Golden State Warriors,Memphis Grizzlies,GSW,MEM,GSW,1726.8999999999999,1624,1.0633620689655172,MEM,-580.4999999999999,952,-0.609768907563025,1.6731309765285423
2015.0,Eastern Conf Finals,Cleveland Cavaliers,Atlanta Hawks,CLE,ATL,CLE,-1680.6,1509,-1.1137176938369782,ATL,-2671.6,1190,-2.2450420168067224,1.1313243229697443
2015.0,Western Conf Finals,Golden State Warriors,Houston Rockets,GSW,HOU,GSW,1726.8999999999999,1624,1.0633620689655172,HOU,-1154.5,1327,-0.8700075357950263,1.9333696047605435
2015.0,Finals,Golden State Warriors,Cleveland Cavaliers,GSW,CLE,GSW,1726.8999999999999,1624,1.0633620689655172,CLE,-1680.6,1509,-1.1137176938369782,2.1770797628024954
2014.0,Eastern Conf First Round,Indiana Pacers,Atlanta Hawks,IND,ATL,IND,-1963.5,1158,-1.6955958549222798,ATL,343.5000000000001,505,0.6801980198019805,-2.3757938747242604
2014.0,Eastern Conf First Round,Miami Heat,Charlotte Bobcats,MIA,CHA,MIA,-1523.0000000000002,2123,-0.7173810645313237,CHA,-1208.3,338,-3.574852071005917,2.8574710064745936
2014.0,Eastern Conf First Round,Brooklyn Nets,Toronto Raptors,BRK,TOR,BRK,-799.4000000000001,1038,-0.7701348747591523,TOR,768.9000000000001,578,1.3302768166089967,-2.1004116913681488
2014.0,Eastern Conf First Round,Washington Wizards,Chicago Bulls,WAS,CHI,WAS,-2392.7,675,-3.5447407407407403,CHI,129.00000000000006,346,0.3728323699421967,-3.917573110682937
2014.0,Western Conf First Round,San Antonio Spurs,Dallas Mavericks,SAS,DAL,SAS,6229.7,2292,2.7180191972076786,DAL,2400.7,650,3.6933846153846153,-0.9753654181769367
2014.0,Western Conf First Round,Oklahoma City Thunder,Memphis Grizzlies,OKC,MEM,OKC,-2518.8,1934,-1.3023784901758015,MEM,967.2,643,1.5041990668740282,-2.8065775570498297
2014.0,Western Conf First Round,Los Angeles Clippers,Golden State Warriors,LAC,GSW,LAC,-261.49999999999994,973,-0.26875642343268236,GSW,-619.6,435,-1.4243678160919542,1.1556113926592717
2014.0,Western Conf First Round,Portland Trail Blazers,Houston Rockets,POR,HOU,POR,-1828.9,556,-3.2893884892086334,HOU,543.2,405,1.3412345679012347,-4.630623057109868
2014.0,Eastern Conf Semifinals,Indiana Pacers,Washington Wizards,IND,WAS,IND,-1963.5,1158,-1.6955958549222798,WAS,-2392.7,675,-3.5447407407407403,1.8491448858184605
2014.0,Eastern Conf Semifinals,Miami Heat,Brooklyn Nets,MIA,BRK,MIA,-1523.0000000000002,2123,-0.7173810645313237,BRK,-799.4000000000001,1038,-0.7701348747591523,0.05275381022782866
2014.0,Western Conf Semifinals,San Antonio Spurs,Portland Trail Blazers,SAS,POR,SAS,6229.7,2292,2.7180191972076786,POR,-1828.9,556,-3.2893884892086334,6.007407686416312
2014.0,Western Conf Semifinals,Oklahoma City Thunder,Los Angeles Clippers,OKC,LAC,OKC,-2518.8,1934,-1.3023784901758015,LAC,-261.49999999999994,973,-0.26875642343268236,-1.0336220667431193
2014.0,Eastern Conf Finals,Miami Heat,Indiana Pacers,MIA,IND,MIA,-1523.0000000000002,2123,-0.7173810645313237,IND,-1963.5,1158,-1.6955958549222798,0.9782147903909562
2014.0,Western Conf Finals,San Antonio Spurs,Oklahoma City Thunder,SAS,OKC,SAS,6229.7,2292,2.7180191972076786,OKC,-2518.8,1934,-1.3023784901758015,4.02039768738348
2014.0,Finals,San Antonio Spurs,Miami Heat,SAS,MIA,SAS,6229.7,2292,2.7180191972076786,MIA,-1523.0000000000002,2123,-0.7173810645313237,3.4354002617390025
2013.0,Eastern Conf First Round,Miami Heat,Milwaukee Bucks,MIA,MIL,MIA,1501.3,2069,0.7256162397293379,MIL,-213.10000000000002,307,-0.6941368078175897,1.4197530475469275
2013.0,Eastern Conf First Round,New York Knicks,Boston Celtics,NYK,BOS,NYK,-272.8000000000001,1053,-0.2590693257359925,BOS,-236.10000000000005,344,-0.6863372093023258,0.4272678835663333
2013.0,Eastern Conf First Round,Indiana Pacers,Atlanta Hawks,IND,ATL,IND,-2792.2999999999997,1063,-2.626810912511759,ATL,-239.30000000000007,483,-0.4954451345755695,-2.1313657779361894
2013.0,Eastern Conf First Round,Chicago Bulls,Brooklyn Nets,CHI,BRK,CHI,-1042.8000000000002,512,-2.0367187500000004,BRK,-749.3000000000001,476,-1.5741596638655464,-0.46255908613445396
2013.0,Western Conf First Round,Oklahoma City Thunder,Houston Rockets,OKC,HOU,OKC,318.6,869,0.36662830840046035,HOU,-206.20000000000002,304,-0.6782894736842106,1.044917782084671
2013.0,Western Conf First Round,San Antonio Spurs,Los Angeles Lakers,SAS,LAL,SAS,1032.6,1857,0.5560581583198707,LAL,-1384.2,284,-4.873943661971831,5.430001820291702
2013.0,Western Conf First Round,Golden State Warriors,Denver Nuggets,GSW,DEN,GSW,647.2,1176,0.5503401360544218,DEN,-1139.7,557,-2.046140035906643,2.5964801719610646
2013.0,Western Conf First Round,Memphis Grizzlies,Los Angeles Clippers,MEM,LAC,MEM,-606.5,1062,-0.5710922787193974,LAC,816.9000000000001,663,1.2321266968325792,-1.8032189755519767
2013.0,Eastern Conf Semifinals,Miami Heat,Chicago Bulls,MIA,CHI,MIA,1501.3,2069,0.7256162397293379,CHI,-1042.8000000000002,512,-2.0367187500000004,2.762334989729338
2013.0,Eastern Conf Semifinals,Indiana Pacers,New York Knicks,IND,NYK,IND,-2792.2999999999997,1063,-2.626810912511759,NYK,-272.8000000000001,1053,-0.2590693257359925,-2.3677415867757663
2013.0,Western Conf Semifinals,Memphis Grizzlies,Oklahoma City Thunder,MEM,OKC,MEM,-606.5,1062,-0.5710922787193974,OKC,318.6,869,0.36662830840046035,-0.9377205871198577
2013.0,Western Conf Semifinals,San Antonio Spurs,Golden State Warriors,SAS,GSW,SAS,1032.6,1857,0.5560581583198707,GSW,647.2,1176,0.5503401360544218,0.00571802226544893
2013.0,Eastern Conf Finals,Miami Heat,Indiana Pacers,MIA,IND,MIA,1501.3,2069,0.7256162397293379,IND,-2792.2999999999997,1063,-2.626810912511759,3.3524271522410967
2013.0,Western Conf Finals,San Antonio Spurs,Memphis Grizzlies,SAS,MEM,SAS,1032.6,1857,0.5560581583198707,MEM,-606.5,1062,-0.5710922787193974,1.1271504370392682
2013.0,Finals,Miami Heat,San Antonio Spurs,MIA,SAS,MIA,1501.3,2069,0.7256162397293379,SAS,1032.6,1857,0.5560581583198707,0.16955808140946715
2012.0,Eastern Conf First Round,Philadelphia 76ers,Chicago Bulls,PHI,CHI,PHI,566.0,984,0.5752032520325203,CHI,190.39999999999995,412,0.462135922330097,0.11306732970242334
2012.0,Eastern Conf First Round,Miami Heat,New York Knicks,MIA,NYK,MIA,-246.89999999999992,1082,-0.2281885397412199,NYK,-594.6999999999999,459,-1.2956427015250542,1.0674541617838345
2012.0,Eastern Conf First Round,Indiana Pacers,Orlando Magic,IND,ORL,IND,-581.9999999999997,772,-0.7538860103626939,ORL,-504.70000000000005,371,-1.360377358490566,0.6064913481278722
2012.0,Eastern Conf First Round,Boston Celtics,Atlanta Hawks,BOS,ATL,BOS,-1810.2999999999997,1077,-1.6808727948003712,ATL,-1155.2,323,-3.5764705882352943,1.895597793434923
2012.0,Western Conf First Round,San Antonio Spurs,Utah Jazz,SAS,UTA,SAS,3010.5,1377,2.1862745098039214,UTA,-440.6,375,-1.1749333333333334,3.3612078431372545
2012.0,Western Conf First Round,Oklahoma City Thunder,Dallas Mavericks,OKC,DAL,OKC,1174.9,1664,0.7060697115384615,DAL,-440.70000000000005,374,-1.178342245989305,1.8844119575277665
2012.0,Western Conf First Round,Los Angeles Lakers,Denver Nuggets,LAL,DEN,LAL,-2179.9,766,-2.8458224543080943,DEN,1256.6999999999998,670,1.8756716417910444,-4.721494096099139
2012.0,Western Conf First Round,Los Angeles Clippers,Memphis Grizzlies,LAC,MEM,LAC,1345.1,1041,1.2921229586935639,MEM,-497.40000000000003,470,-1.0582978723404255,2.3504208310339894
2012.0,Eastern Conf Semifinals,Miami Heat,Indiana Pacers,MIA,IND,MIA,-246.89999999999992,1082,-0.2281885397412199,IND,-581.9999999999997,772,-0.7538860103626939,0.525697470621474
2012.0,Eastern Conf Semifinals,Boston Celtics,Philadelphia 76ers,BOS,PHI,BOS,-1810.2999999999997,1077,-1.6808727948003712,PHI,566.0,984,0.5752032520325203,-2.2560760468328915
2012.0,Western Conf Semifinals,San Antonio Spurs,Los Angeles Clippers,SAS,LAC,SAS,3010.5,1377,2.1862745098039214,LAC,1345.1,1041,1.2921229586935639,0.8941515511103575
2012.0,Western Conf Semifinals,Oklahoma City Thunder,Los Angeles Lakers,OKC,LAL,OKC,1174.9,1664,0.7060697115384615,LAL,-2179.9,766,-2.8458224543080943,3.5518921658465556
2012.0,Western Conf Finals,Oklahoma City Thunder,San Antonio Spurs,OKC,SAS,OKC,1174.9,1664,0.7060697115384615,SAS,3010.5,1377,2.1862745098039214,-1.4802047982654598
2012.0,Eastern Conf Finals,Miami Heat,Boston Celtics,MIA,BOS,MIA,-246.89999999999992,1082,-0.2281885397412199,BOS,-1810.2999999999997,1077,-1.6808727948003712,1.4526842550591512
2012.0,Finals,Miami Heat,Oklahoma City Thunder,MIA,OKC,MIA,-246.89999999999992,1082,-0.2281885397412199,OKC,1174.9,1664,0.7060697115384615,-0.9342582512796814
2011.0,Eastern Conf First Round,Chicago Bulls,Indiana Pacers,CHI,IND,CHI,-264.0,1185,-0.22278481012658227,IND,53.39999999999995,443,0.12054176072234751,-0.3433265708489298
2011.0,Eastern Conf First Round,Miami Heat,Philadelphia 76ers,MIA,PHI,MIA,-831.0,1414,-0.5876944837340877,PHI,-517.8,423,-1.2241134751773048,0.6364189914432171
2011.0,Eastern Conf First Round,Boston Celtics,New York Knicks,BOS,NYK,BOS,-1550.5,610,-2.5418032786885245,NYK,42.200000000000045,379,0.11134564643799484,-2.6531489251265192
2011.0,Eastern Conf First Round,Atlanta Hawks,Orlando Magic,ATL,ORL,ATL,-545.7,909,-0.6003300330033003,ORL,-201.5999999999999,463,-0.43542116630669525,-0.1649088666966051
2011.0,Western Conf First Round,Memphis Grizzlies,San Antonio Spurs,MEM,SAS,MEM,828.6999999999999,1099,0.754049135577798,SAS,271.79999999999995,536,0.5070895522388059,0.24695958333899204
2011.0,Western Conf First Round,Los Angeles Lakers,New Orleans Hornets,LAL,NOH,LAL,-873.0,756,-1.1547619047619047,NOH,-1487.3,377,-3.9450928381962864,2.7903309334343818
2011.0,Western Conf First Round,Dallas Mavericks,Portland Trail Blazers,DAL,POR,DAL,2726.7,1792,1.521595982142857,POR,-87.70000000000002,394,-0.22258883248730968,1.7441848146301668
2011.0,Western Conf First Round,Oklahoma City Thunder,Denver Nuggets,OKC,DEN,OKC,3119.4,1531,2.037491835401698,DEN,-229.19999999999996,490,-0.4677551020408163,2.5052469374425144
2011.0,Eastern Conf Semifinals,Chicago Bulls,Atlanta Hawks,CHI,ATL,CHI,-264.0,1185,-0.22278481012658227,ATL,-545.7,909,-0.6003300330033003,0.3775452228767181
2011.0,Eastern Conf Semifinals,Miami Heat,Boston Celtics,MIA,BOS,MIA,-831.0,1414,-0.5876944837340877,BOS,-1550.5,610,-2.5418032786885245,1.9541087949544367
2011.0,Western Conf Semifinals,Dallas Mavericks,Los Angeles Lakers,DAL,LAL,DAL,2726.7,1792,1.521595982142857,LAL,-873.0,756,-1.1547619047619047,2.6763578869047615
2011.0,Western Conf Semifinals,Oklahoma City Thunder,Memphis Grizzlies,OKC,MEM,OKC,3119.4,1531,2.037491835401698,MEM,828.6999999999999,1099,0.754049135577798,1.2834426998239001
2011.0,Eastern Conf Finals,Miami Heat,Chicago Bulls,MIA,CHI,MIA,-831.0,1414,-0.5876944837340877,CHI,-264.0,1185,-0.22278481012658227,-0.3649096736075055
2011.0,Western Conf Finals,Dallas Mavericks,Oklahoma City Thunder,DAL,OKC,DAL,2726.7,1792,1.521595982142857,OKC,3119.4,1531,2.037491835401698,-0.5158958532588411
2011.0,Finals,Dallas Mavericks,Miami Heat,DAL,MIA,DAL,2726.7,1792,1.521595982142857,MIA,-831.0,1414,-0.5876944837340877,2.1092904658769447
2010.0,Eastern Conf First Round,Cleveland Cavaliers,Chicago Bulls,CLE,CHI,CLE,-689.1000000000001,821,-0.8393422655298418,CHI,-1279.1000000000001,256,-4.9964843750000005,4.157142109470159
2010.0,Eastern Conf First Round,Orlando Magic,Charlotte Bobcats,ORL,CHA,ORL,2028.5,1091,1.8593033913840513,CHA,-138.29999999999995,313,-0.44185303514376983,2.3011564265278213
2010.0,Eastern Conf First Round,Atlanta Hawks,Milwaukee Bucks,ATL,MIL,ATL,-2312.1,783,-2.952873563218391,MIL,-299.3999999999999,542,-0.5523985239852397,-2.400475039233151
2010.0,Eastern Conf First Round,Boston Celtics,Miami Heat,BOS,MIA,BOS,257.9,1615,0.15969040247678018,MIA,-1353.1,478,-2.8307531380753135,2.9904435405520937
2010.0,Western Conf First Round,Los Angeles Lakers,Oklahoma City Thunder,LAL,OKC,LAL,-1162.6000000000001,1529,-0.7603662524525835,OKC,-596.3999999999999,516,-1.1558139534883718,0.3954477010357883
2010.0,Western Conf First Round,San Antonio Spurs,Dallas Mavericks,SAS,DAL,SAS,-918.1,749,-1.2257676902536716,DAL,-53.40000000000006,496,-0.10766129032258077,-1.1181063999310907
2010.0,Western Conf First Round,Phoenix Suns,Portland Trail Blazers,PHO,POR,PHO,1110.6000000000001,1516,0.7325857519788919,POR,-1035.0,566,-1.8286219081272084,2.5612076601061
2010.0,Western Conf First Round,Utah Jazz,Denver Nuggets,UTA,DEN,UTA,1014.5,701,1.4472182596291012,DEN,-539.7,485,-1.1127835051546393,2.5600017647837405
2010.0,Eastern Conf Semifinals,Boston Celtics,Cleveland Cavaliers,BOS,CLE,BOS,257.9,1615,0.15969040247678018,CLE,-689.1000000000001,821,-0.8393422655298418,0.9990326680066219
2010.0,Eastern Conf Semifinals,Orlando Magic,Atlanta Hawks,ORL,ATL,ORL,2028.5,1091,1.8593033913840513,ATL,-2312.1,783,-2.952873563218391,4.812176954602442
2010.0,Western Conf Semifinals,Los Angeles Lakers,Utah Jazz,LAL,UTA,LAL,-1162.6000000000001,1529,-0.7603662524525835,UTA,1014.5,701,1.4472182596291012,-2.207584512081685
2010.0,Western Conf Semifinals,Phoenix Suns,San Antonio Spurs,PHO,SAS,PHO,1110.6000000000001,1516,0.7325857519788919,SAS,-918.1,749,-1.2257676902536716,1.9583534422325635
2010.0,Western Conf Finals,Los Angeles Lakers,Phoenix Suns,LAL,PHO,LAL,-1162.6000000000001,1529,-0.7603662524525835,PHO,1110.6000000000001,1516,0.7325857519788919,-1.4929520044314755
2010.0,Eastern Conf Finals,Boston Celtics,Orlando Magic,BOS,ORL,BOS,257.9,1615,0.15969040247678018,ORL,2028.5,1091,1.8593033913840513,-1.699612988907271
2010.0,Finals,Los Angeles Lakers,Boston Celtics,LAL,BOS,LAL,-1162.6000000000001,1529,-0.7603662524525835,BOS,257.9,1615,0.15969040247678018,-0.9200566549293636
